"id","name","description","created_at","updated_at"
"id","show_id","barcode","created_by","requires_approval","approved_by","approved_at","approval_status","status","archived","is_partial","partial_saved_at","finalized_at","processed_at","processed_by","signature_id","created_at","updated_at"
"6",NULL,"CO-7CD35FC5","cuz test","0",NULL,NULL,NULL,"draft","0","0",NULL,NULL,NULL,NULL,NULL,"2026-01-27 02:49:49","2026-01-27 02:49:49"
"id","change_order_id","item_id","quantity_change","quantity_processed","type","created_at"
"id","name","description","barcode","category_id","subcategory_id","tracking_type","total_quantity","in_stock_quantity","serial_numbers","location","photo_path","created_at","updated_at"
"id","item_id","show_id","theatre_space_id","pullsheet_id","change_order_id","quantity","status","created_at","updated_at"
"id","user_id","type","message","link","is_read","created_at"
"1","1","student_request","New student request: QL1 (Qty: 1)","student_requests.php","1","2026-01-27 00:29:45"
"2","2","student_request","New student request: QL1 (Qty: 1)","student_requests.php","1","2026-01-27 00:29:45"
"3","4","student_request","New student request: QL1 (Qty: 1)","student_requests.php","1","2026-01-27 00:29:45"
"4","1","student_request","New student request: Cheese Burger (Qty: 817)","student_requests.php","1","2026-01-27 01:32:02"
"5","2","student_request","New student request: Cheese Burger (Qty: 817)","student_requests.php","1","2026-01-27 01:32:02"
"6","4","student_request","New student request: Cheese Burger (Qty: 817)","student_requests.php","1","2026-01-27 01:32:02"
"7","1","student_request","New student request: Cheese Burger (Qty: 827)","student_requests.php","1","2026-01-27 01:32:27"
"8","2","student_request","New student request: Cheese Burger (Qty: 827)","student_requests.php","1","2026-01-27 01:32:27"
"9","4","student_request","New student request: Cheese Burger (Qty: 827)","student_requests.php","1","2026-01-27 01:32:27"
"10","1","student_request","New student request: QL1 (Qty: 1)","student_requests.php","1","2026-01-27 01:42:26"
"11","2","student_request","New student request: QL1 (Qty: 1)","student_requests.php","1","2026-01-27 01:42:26"
"12","4","student_request","New student request: QL1 (Qty: 1)","student_requests.php","1","2026-01-27 01:42:26"
"13","1","pending_pick","New pullsheet ready for picking: Student Requests","pick_mode.php?pullsheet=PS-86C76858","1","2026-01-27 01:45:20"
"14","2","pending_pick","New pullsheet ready for picking: Student Requests","pick_mode.php?pullsheet=PS-86C76858","1","2026-01-27 01:45:20"
"15","4","pending_pick","New pullsheet ready for picking: Student Requests","pick_mode.php?pullsheet=PS-86C76858","1","2026-01-27 01:45:20"
"16","1","student_request","New student request: Cheese Burger (Qty: 1)","student_requests.php","1","2026-01-27 02:54:30"
"17","2","student_request","New student request: Cheese Burger (Qty: 1)","student_requests.php","1","2026-01-27 02:54:30"
"18","4","student_request","New student request: Cheese Burger (Qty: 1)","student_requests.php","0","2026-01-27 02:54:30"
"19","1","pending_pick","New pullsheet ready for picking: Fairview","pick_mode.php?pullsheet=PS-AEC80834","1","2026-01-27 17:51:48"
"20","2","pending_pick","New pullsheet ready for picking: Fairview","pick_mode.php?pullsheet=PS-AEC80834","1","2026-01-27 17:51:48"
"21","4","pending_pick","New pullsheet ready for picking: Fairview","pick_mode.php?pullsheet=PS-AEC80834","0","2026-01-27 17:51:48"
"22","1","pending_pick","New pullsheet ready for picking: R&J","pick_mode.php?pullsheet=PS-CF54E232","1","2026-01-28 03:06:10"
"23","2","pending_pick","New pullsheet ready for picking: R&J","pick_mode.php?pullsheet=PS-CF54E232","1","2026-01-28 03:06:10"
"24","4","pending_pick","New pullsheet ready for picking: R&J","pick_mode.php?pullsheet=PS-CF54E232","0","2026-01-28 03:06:10"
"25","1","pending_pick","New pullsheet ready for picking: R&J","pick_mode.php?pullsheet=PS-EE2B4F02","1","2026-01-28 03:18:59"
"26","2","pending_pick","New pullsheet ready for picking: R&J","pick_mode.php?pullsheet=PS-EE2B4F02","1","2026-01-28 03:18:59"
"27","4","pending_pick","New pullsheet ready for picking: R&J","pick_mode.php?pullsheet=PS-EE2B4F02","0","2026-01-28 03:18:59"
"28","1","pending_pick","New pullsheet ready for picking: R&J","pick_mode.php?pullsheet=PS-140DF024","1","2026-01-28 03:24:41"
"29","2","pending_pick","New pullsheet ready for picking: R&J","pick_mode.php?pullsheet=PS-140DF024","1","2026-01-28 03:24:41"
"30","4","pending_pick","New pullsheet ready for picking: R&J","pick_mode.php?pullsheet=PS-140DF024","0","2026-01-28 03:24:41"
"31","1","pending_pick","New pullsheet ready for picking: Spring Reps","pick_mode.php?pullsheet=PS-0A1BAE24","1","2026-01-29 21:13:49"
"32","2","pending_pick","New pullsheet ready for picking: Spring Reps","pick_mode.php?pullsheet=PS-0A1BAE24","1","2026-01-29 21:13:49"
"33","4","pending_pick","New pullsheet ready for picking: Spring Reps","pick_mode.php?pullsheet=PS-0A1BAE24","0","2026-01-29 21:13:49"
"34","1","pending_pick","New pullsheet ready for picking: test","pick_mode.php?pullsheet=PS-ECEBF48F","1","2026-01-31 02:54:59"
"35","2","pending_pick","New pullsheet ready for picking: test","pick_mode.php?pullsheet=PS-ECEBF48F","0","2026-01-31 02:54:59"
"36","4","pending_pick","New pullsheet ready for picking: test","pick_mode.php?pullsheet=PS-ECEBF48F","0","2026-01-31 02:54:59"
"id","show_id","barcode","created_by","requires_approval","approved_by","approved_at","approval_status","status","archived","is_partial","partial_saved_at","finalized_at","picked_at","picked_by","signature_id","created_at","updated_at"
"15","5","PS-0A1BAE24","Ian","0",NULL,NULL,NULL,"completed","0","0",NULL,"2026-01-29 21:13:49","2026-01-29 21:14:36","Ian",NULL,"2026-01-28 19:16:49","2026-01-29 21:14:59"
"id","pullsheet_id","item_id","quantity_needed","quantity_picked","created_at"
"16","15","165","5","5","2026-01-29 21:13:29"
"17","15","158","6","6","2026-01-29 21:13:37"
"id","repair_id","item_id","quantity","category_id","subcategory_id","description","status","reported_by","assigned_to","created_at","updated_at","completed_at"
"id","setting_key","setting_value","created_at","updated_at"
"1","app_name","CMFT Sound Shop Inventory","2026-01-26 22:03:19","2026-01-26 22:03:19"
"2","logo_path","logo_1769482809.jpg","2026-01-26 22:03:19","2026-01-27 03:00:09"
"3","dark_mode","0","2026-01-26 22:03:19","2026-01-26 22:03:19"
"9","login_illustration_path","login_illustration_1769482858.png","2026-01-27 01:19:33","2026-01-27 03:00:58"
"17","login_cover_image",,"2026-01-28 08:39:56","2026-01-28 08:39:56"
"id","name","shop_lead","designer","production_audio_id","designer_id","theatre_space_id","status","archived","created_at","updated_at","calendar_color"
"2","Fairview","Ian Pivovar","Patrick Forde",NULL,NULL,"2","active","0","2026-01-26 22:21:51","2026-02-03 00:39:28","#ff0000"
"4","R&J","Ian Pivovar","Tim Nivison",NULL,NULL,"1","active","0","2026-01-28 03:08:19","2026-01-28 03:08:19","#206bc4"
"5","Spring Reps","Will Schwerin","Ian Pivovar",NULL,NULL,"2","active","0","2026-01-28 19:13:29","2026-01-28 19:13:29","#206bc4"
"id","show_id","user_id","role","created_at"
"id","show_id","title","start_date","end_date","description","created_by","created_at","updated_at"
"52","2","lol","2026-01-26 22:09:00","2026-01-28 22:10:00",,"2","2026-01-27 03:10:03","2026-01-27 03:10:03"
"53","2","test","2026-02-02 19:20:00","2026-02-03 19:20:00",,"1","2026-02-03 00:20:43","2026-02-03 00:20:43"
"id","user_id","pullsheet_id","change_order_id","signature_data","first_name","last_name","created_at"
"id","request_id","student_id","item_id","quantity","reason","denial_reason","status","approved_by","approved_at","pullsheet_id","created_at","updated_at"
"2","REQ-59230844","3","5","817","cuz i said o",NULL,"rejected","2","2026-01-27 01:32:17",NULL,"2026-01-27 01:32:02","2026-01-27 01:32:17"
"3","REQ-5AB0BC3B","3","5","827","cuz",NULL,"rejected","2","2026-01-27 01:32:54",NULL,"2026-01-27 01:32:27","2026-01-27 01:32:54"
"5","REQ-8E6097C6","4","5","1","e",NULL,"rejected","2","2026-01-27 02:54:48",NULL,"2026-01-27 02:54:30","2026-01-27 02:54:48"
"id","category_id","name","description","created_at","updated_at"
"id","name","description","created_at","updated_at"
"1","B-Space",,"2026-01-26 22:10:36","2026-01-26 22:10:36"
"2","CMFT Performance Theater","Big E","2026-01-26 22:21:34","2026-01-26 22:21:34"
"3","CMFT Performance Studio","Little E","2026-01-26 23:37:48","2026-01-26 23:37:48"
"4","D-Space",,"2026-01-26 23:37:59","2026-01-26 23:37:59"
"id","email","password_hash","full_name","role","is_active","is_deleted","created_at","updated_at","last_login"
"1","admin@example.com","$2y$10$/9whGthAUmjludjbiqJexe6PKsp6qL6L.K9S7Wzfk8JZsMMQ.PC7m","System Administrator","admin","1","0","2026-01-26 22:03:21","2026-02-03 00:20:13","2026-02-03 00:20:13"
"2","ian.pivovar@gmail.com","$2y$10$ewpUHaPbwjLRYuNinukgzO4P3Q4gi2UAlPdocdiWUQa5/7YXd4OCS","Ian Pivovar","admin","1","0","2026-01-27 00:06:26","2026-01-30 00:23:26","2026-01-30 00:23:26"
"3","caleb.gruber@purchase.edu","$2y$10$c/FO8ZeTjW86hCg9VHlFQuhOTGf2EWAOS85QJnL.fQnnM8vVGfQT.","Caleb Gruber","student","1","0","2026-01-27 00:07:11","2026-01-28 02:15:17","2026-01-28 02:15:17"
"4","des.example@purchase.edu","$2y$10$B1Wv7lmoMf3lDk6ejCS3TORRwHqNMZU4XCiGEd.GvCyGyAYa1li..","Designer Example","designer","1","0","2026-01-27 00:09:13","2026-01-27 19:43:05","2026-01-27 19:43:05"
"5","Student@purchase","$2y$10$Cr00suEeifSRb8ma.rSevuVbYdp9Yv04ltHBCvZwU8agX52Xo7GvS","Student Example","student","0","1","2026-01-27 02:53:32","2026-01-27 02:53:43",NULL
"6","Student@purchase.edu","$2y$10$I1i6Cpm.mIU2J.wAb759zuGmaK4CQhZ4CnLHONLthY8tCBjZ5Of22","Student Example","student","1","0","2026-01-27 02:54:07","2026-01-27 19:45:10","2026-01-27 19:45:10"
"7","bib@bob","$2y$10$DsXWobux0j1lsPY0WG/LzOYDZA/qG/uIkI2MG.eCXfKP4N8ajjRGm","Will S","admin","0","1","2026-01-27 19:49:48","2026-01-27 19:50:33",NULL
"id","user_id","action","hotkey","created_at","updated_at"
"1","1","quick_lookup","Alt+Å","2026-01-26 23:44:58","2026-01-27 00:55:21"
"2","1","pick_mode","Ctrl+Shift+P","2026-01-26 23:44:58","2026-01-26 23:44:58"
"3","1","return_mode","Ctrl+Shift+R","2026-01-26 23:44:58","2026-01-26 23:44:58"
"4","1","create_pullsheet","Ctrl+Shift+N","2026-01-26 23:44:58","2026-01-26 23:44:58"
"5","1","inventory","Ctrl+I","2026-01-26 23:44:58","2026-01-26 23:44:58"
"6","1","reports","Ctrl+Shift+E","2026-01-26 23:44:58","2026-01-26 23:44:58"
"7","1","shows","Ctrl+Shift+S","2026-01-26 23:44:58","2026-01-26 23:44:58"
"8","2","quick_lookup","Ctrl+A","2026-01-27 00:33:08","2026-01-27 00:33:08"
"9","2","pick_mode","Ctrl+Shift+P","2026-01-27 00:33:08","2026-01-27 02:18:01"
"10","2","return_mode","Ctrl+Shift+R","2026-01-27 00:33:08","2026-01-27 00:33:08"
"11","2","create_pullsheet","Ctrl+Shift+N","2026-01-27 00:33:08","2026-01-27 00:33:08"
"12","2","inventory","Ctrl+I","2026-01-27 00:33:08","2026-01-27 00:33:08"
"13","2","reports","Ctrl+Shift+E","2026-01-27 00:33:08","2026-01-27 00:33:08"
"14","2","shows","Ctrl+Shift+S","2026-01-27 00:33:08","2026-01-27 00:33:08"
"id","user_id","permission_key","can_access","created_at"
"4","3","dashboard","1","2026-01-27 00:57:18"
"5","3","inventory","1","2026-01-27 00:57:18"
"6","3","student_requests","1","2026-01-27 00:57:18"
"10","6","inventory","1","2026-01-27 19:44:56"
"11","6","pullsheets","1","2026-01-27 19:44:56"
"12","6","change_orders","1","2026-01-27 19:44:56"
"13","6","reports","1","2026-01-27 19:44:56"
"14","6","student_requests","1","2026-01-27 19:44:56"
